{
  "assetsByChunkName": {
    "vendors~app-account~app-checkout~app-confirmation~app-order": "chunk.1e2d27f55f8575f5d5e2.js",
    "vendors~app-account~app-confirmation~app-order": "chunk.3c346346da0a6b7beb23.js",
    "vendors~app-account~app-checkout": "chunk.a7c2726e861fb3654945.js",
    "vendors~app-cart~app-checkout": "chunk.edf23c12c8ada5c49f92.js",
    "admin": [
      "admin.b8361a60385281e662f4.js",
      "admin.b8361a60385281e662f4.js.map"
    ],
    "app-account": "chunk.43db6430b57584cce7dc.js",
    "app-checkout": "chunk.8b02d776195996c410b7.js",
    "app-confirmation": "chunk.a74747fb29250517199d.js",
    "app-order": "chunk.8e0c2e6eda5e671a458a.js",
    "checkout": [
      "checkout.df58b01e754e0860d795.js",
      "checkout.df58b01e754e0860d795.js.map"
    ],
    "storefront": [
      "storefront.e0ce7190c96e47608914.css",
      "storefront.e30a00e9e98240070173.js",
      "storefront.e0ce7190c96e47608914.css.map",
      "storefront.e30a00e9e98240070173.js.map"
    ],
    "vendors~app-cart": "chunk.fed05ecbb17879ba89a1.js"
  }
}