{
  "title": "Termos de serviço",
  "meta_title": "Termos de serviço",
  "meta_description": "Termos de serviço",
  "body": "O sagital.com.br o convida a ser um Usuário deste site e a conhecer os Termos de serviço.\\\n\\\nO presente Termos de serviço, aplicam-se aos internautas que utilizam o site www.sagital.com.br para adquirir produtos oferecidos no site através da empresa Sagital Pet Shop.\\\n\\\nO presente site destina-se a disponibilizar produtos vendidos diretamente pelo sagital.com.br.\\\n\\\nAo navegar neste site, o visitante declara ter lido, compreendido e aceito os Termos e Condições de Uso que o regem e todos os outros alertas e avisos que possam aparecer vinculados a assuntos tratados nos referidos Termos.\\\n\\\n1. Definições\\\n\\\nOs termos abaixo descritos, quando empregados no presente Termos de serviço do sagital.com.br, terão os seguintes significados:\\\n\\\n• Internautas: todos aqueles que de alguma forma acessam o site sagital.com.br, clientes ou não;\\\n\\\n• Clientes: todas as pessoas que adquiriram os produtos  oferecidos pelo sagital.com.br, pagos ou não.\\\n\\\n• Usuários: todas as pessoas que se cadastram no site sagital.com.br e recebem uma conta de acesso individual e exclusiva.\\\n\\\n• Conta de Acesso: Cadastro formado pelo e-mail, único e intransferível para cada Usuário do site, que dará permissão ao Usuário de realizar compras.\\\n\\\n2. Finalidade do Site\\\n\\\nO Usuário do site sagital.com.br tem a sua disposição uma série de produtos podendo estes serem oferecidos diretamente pelo sagital.com.br, através de seus fornecedores.\\\n\\\n(I) Produtos oferecidos diretamente pelo sagital.com.br: as condições de venda, preço e entrega destes produtos são definidas diretamente pelo sagital.com.br, que se responsabiliza por elas.\\\n\\\n3. Quem pode se cadastrar?\\\n\\\na. Para ser um Usuário do site sagital.com.br basta que o Internauta preencha o formulário de cadastro disponível no site.\\\n\\\nb. O Usuário precisa ter capacidade legal para contratar, isto é, ser maior de 18 anos ou emancipado. Sendo menor de idade, seu responsável legal terá de arcar com as consequências dos atos praticados em nome do Usuário.\\\n\\\nc. O Usuário que se cadastrar no site sagital.com.br utilizando dados de terceiros poderá incorrer em prática de crimes, sem prejuízo de eventual responsabilização por legislação específica.\\\n\\\n4. Cadastro, Conta de Acesso, E-mail, Senha e Segurança\\\n\\\na. Para que o Usuário possa concluir sua compra, faz-se necessário o cadastramento no site sagital.com.br. Ao realizar uma compra, o cadastro é feito automaticamente através do e-mail do Usuário.\\\n\\\nb. Caso o sagital.com.br constate qualquer inexatidão nas informações prestadas pelo Usuário ou ilegalidade em sua conduta, poderá, a seu exclusivo critério, suspender ou cancelar a correspondente Conta. Tal medida, contudo, não cessa nem diminui a responsabilidade do Usuário quanto à exatidão e veracidade dos dados que fornecer.\\\n\\\nc. A qualquer momento o sagital.com.br poderá cancelar ou ainda recusar o cadastro de um Usuário, mesmo que já previamente aceito, em casos de desconformidade com as regras e políticas destes Termos e Condições de Uso ou incorporadas a este por referência. Cadastro em duplicidade feito por um mesmo Usuário poderão também sofrer cancelamento.\\\n\\\nd. O cadastro do Usuário é pessoal e intransferível, sendo vedado aos Usuários a cessão, venda, aluguel ou qualquer outra forma de transferência.\\\n\\\ne. O Usuário será o único responsável por sua conta e responderá por todos os atos praticados sob sua conta de acesso.\\\n\\\nf. O Usuário está ciente que deve notificar imediatamente o sagital.com.br sobre o extravio, perda, roubo ou qualquer uso não autorizado de sua conta de acesso, além de qualquer quebra de segurança de seu conhecimento.\\\n\\\ng. O sagital.com.br não solicita a senha ou informações financeiras de seus usuários ou Clientes por e-mail, em hipótese alguma.\\\n\\\n5. Informações\\\n\\\nO sagital.com.br envidará seus melhores esforços no sentido de manter as informações que disponibilizar em seu site precisas, atualizadas e completas, o quanto possível.\\\n\\\n6. Características para melhor navegação\\\n\\\nO Usuário é responsável por instalar os aplicativos eventualmente necessários para a visualização dos conteúdos disponíveis no site do sagital.com.br e adotar o navegador de sua preferência conforme padrão HTML utilizado.\\\n\\\n7. Privacidade de nossos visitantes\\\n\\\nO sagital.com.br possui política expressa sobre Privacidade dos dados obtidos por meio do site. As informações de cadastro e demais informações sobre os Usuários estão sujeitas ao tratamento definido na referida Política.\\\n\\\nPara maiores informações, favor consultar o documento \"Política de Privacidade”. Tal documento constitui parte integrante e indissociável dos Termos e Condições de Uso do site do sagital.com.br e deverá ser lido atentamente por todos os Usuários.\\\n\\\nNa hipótese das disposições contidas nos Termos e Condições de Uso conflitar com as disposições previstas na Política de Privacidade, observar-se-á o disposto no documento que trate do tema com especificidade.",
  "sections": [
    {
      "type": "extra-page",
      "enabled": true
    }
  ]
}