{
  "description": {
    "title": "Sagital Pet Shop",
    "text": "Missão Nossa missão é proporcionar aos nossos clientes um local seguro para compras pela internet, oferecendo produtos de qualidade com agilidade na entrega.  Visão Proporcionar felicidade e satisfação para todos os nossos clientes e ser reconhecida como referência no mercado pet.  Valores Responsabilidade, ética, amor, dedicação, melhor atendimento, qualidade e gratidão. "
  },
  "links_1": {
    "list_pages": true,
    "title": "Páginas",
    "list": []
  },
  "links_2": {
    "list_categories": false,
    "title": "Categorias",
    "list": []
  },
  "contacts": {
    "title": "Contatos",
    "phone_wpp": true,
    "socials": true,
    "email": true,
    "address": true
  },
  "stamps": [
    {
      "src": "/img/uploads/ssl-safe.png",
      "alt": "Secure connection"
    },
    {
      "src": "/img/uploads/googlesafebrowsing.png",
      "link": "https://transparencyreport.google.com/safe-browsing/search?url=www.sagital.com.br"
    },
    {
      "src": "/img/uploads/transp-preto.png"
    }
  ],
  "payment_methods": {
    "pix": true,
    "visa": true,
    "mastercard": true,
    "elo": true,
    "amex": true,
    "hipercard": true,
    "boleto": false
  },
  "credits": ""
}