{
  "categories_list": {
    "featured": [
      "/lancamentos?Lançamentos",
      "/cachorro/?Cachorro",
      "/decoracao/?Decoração",
      "/gato/?Gato",
      "/maes-de-pet/?Mães de Pet",
      "/outros-pets/?Outros Pets"
    ],
    "random": 0,
    "full_width": true
  },
  "centralized_logo": false,
  "marketing_stripe": {
    "text": "",
    "link": "",
    "background": "",
    "color": ""
  },
  "alphabetical_order_submenu": true,
  "popup": "/img/uploads/ofertas-2-.png",
  "search_input": true,
  "desktop_megamenu": true,
  "full_width_submenu": false,
  "contacts_stripe": {
    "pages": [
      {
        "title": "sagital.vendas@gmail.com"
      },
      {
        "title": "Atendimento",
        "link": "/pages/contato"
      }
    ],
    "phone_wpp": true,
    "socials": true
  }
}