{
  "meta_title": "",
  "meta_description": "",
  "sections": [
    {
      "type": "banner-slider",
      "autoplay": 9000,
      "full_width": true,
      "slides": [
        {
          "start": "",
          "end": "",
          "img": "/img/uploads/banner-bem-vindo-1-.jpg"
        },
        {
          "start": "",
          "end": "",
          "img": "/img/uploads/banner-ofertas-1-.jpg"
        },
        {
          "start": "",
          "end": "",
          "img": "/img/uploads/banner-passaro-1-.jpg"
        },
        {
          "start": "",
          "end": "",
          "img": "/img/uploads/banner-cao-2-.jpg"
        },
        {
          "start": "",
          "end": "",
          "img": "/img/uploads/banner-gato-1-.jpg"
        }
      ]
    },
    {
      "type": "info-bar",
      "enabled": true
    },
    {
      "type": "banners-grid",
      "banners": [
        {
          "img": "/img/uploads/desconto3.png"
        },
        {
          "img": "/img/uploads/desconto2.png"
        },
        {
          "img": "/img/uploads/desconto1.png"
        },
        {
          "img": "/img/uploads/brinquedos-para-passaros1.png"
        }
      ]
    },
    {
      "type": "responsive-banner",
      "img": "/img/uploads/confira-nossas-ofertas.png"
    },
    {
      "type": "collection-shelf",
      "shuffle": true,
      "collection_id": null,
      "sort": "offers",
      "title": "Ofertas",
      "headless": false,
      "limit": 12,
      "page": 1
    },
    {
      "type": "responsive-banner",
      "img": "/img/uploads/banner-bolsa-personalizada2-1-.png"
    },
    {
      "type": "collection-shelf",
      "shuffle": false,
      "limit": 12,
      "page": 1,
      "collection_id": null,
      "sort": "views"
    },
    {
      "type": "collection-shelf",
      "shuffle": false,
      "limit": 12,
      "page": 1,
      "sort": "sales",
      "title": "Mais Vendidos"
    },
    {
      "type": "page-title",
      "title": "Principais Marcas"
    },
    {
      "type": "brands-carousel",
      "limit": 24,
      "offset": 0
    },
    {
      "type": "responsive-banner",
      "img": "/img/uploads/banner-instagran-1.png"
    }
  ]
}